[
{
  "model": "wagtailembeds.embed",
  "pk": 1,
  "fields": {
    "url": "https://www.youtube.com/watch?v=kYQV5xkZeEQ",
    "max_width": null,
    "hash": "231de5df4f4dfb246e145e894eef38dd",
    "type": "video",
    "html": "<iframe width=\"200\" height=\"113\" src=\"https://www.youtube.com/embed/kYQV5xkZeEQ?feature=oembed\" frameborder=\"0\" allow=\"accelerometer; autoplay; clipboard-write; encrypted-media; gyroscope; picture-in-picture; web-share\" allowfullscreen title=\"Resumen de Atlético de Madrid vs UD Almería (2-1)\"></iframe>",
    "title": "Resumen de Atlético de Madrid vs UD Almería (2-1)",
    "author_name": "LaLiga Santander",
    "provider_name": "YouTube",
    "thumbnail_url": "https://i.ytimg.com/vi/kYQV5xkZeEQ/hqdefault.jpg",
    "width": 200,
    "height": 113,
    "last_updated": "2023-04-17T08:03:44.708Z",
    "cache_until": null
  }
},
{
  "model": "wagtailembeds.embed",
  "pk": 2,
  "fields": {
    "url": "https://www.youtube.com/watch?v=NzU5OxT_1n0",
    "max_width": null,
    "hash": "c512774a8b97d6f186900499f5e5a2f2",
    "type": "video",
    "html": "<iframe width=\"200\" height=\"113\" src=\"https://www.youtube.com/embed/NzU5OxT_1n0?feature=oembed\" frameborder=\"0\" allow=\"accelerometer; autoplay; clipboard-write; encrypted-media; gyroscope; picture-in-picture; web-share\" allowfullscreen title=\"Manchester United Vs Nottingham Forrest 2-0 Highlights\"></iframe>",
    "title": "Manchester United Vs Nottingham Forrest 2-0 Highlights",
    "author_name": "Liam Shimmy",
    "provider_name": "YouTube",
    "thumbnail_url": "https://i.ytimg.com/vi/NzU5OxT_1n0/hqdefault.jpg",
    "width": 200,
    "height": 113,
    "last_updated": "2023-04-17T08:09:43.663Z",
    "cache_until": null
  }
},
{
  "model": "wagtailembeds.embed",
  "pk": 3,
  "fields": {
    "url": "https://www.youtube.com/watch?v=6i1Sz7gnEVk",
    "max_width": null,
    "hash": "76c0a6fa437e779d89b6a75d79007e03",
    "type": "video",
    "html": "<iframe width=\"200\" height=\"113\" src=\"https://www.youtube.com/embed/6i1Sz7gnEVk?feature=oembed\" frameborder=\"0\" allow=\"accelerometer; autoplay; clipboard-write; encrypted-media; gyroscope; picture-in-picture; web-share\" allowfullscreen title=\"CITY AND BARCA SHARE SIX-GOAL THRILLER | FC Barcelona 3-3 Man City | HIGHLIGHTS\"></iframe>",
    "title": "CITY AND BARCA SHARE SIX-GOAL THRILLER | FC Barcelona 3-3 Man City | HIGHLIGHTS",
    "author_name": "Man City",
    "provider_name": "YouTube",
    "thumbnail_url": "https://i.ytimg.com/vi/6i1Sz7gnEVk/hqdefault.jpg",
    "width": 200,
    "height": 113,
    "last_updated": "2023-04-17T08:34:10.926Z",
    "cache_until": null
  }
},
{
  "model": "wagtailembeds.embed",
  "pk": 4,
  "fields": {
    "url": "https://www.youtube.com/watch?v=zH8tpZTW9_4",
    "max_width": null,
    "hash": "d89813875c826afb8ba4ad028a514dc9",
    "type": "video",
    "html": "<iframe width=\"200\" height=\"113\" src=\"https://www.youtube.com/embed/zH8tpZTW9_4?feature=oembed\" frameborder=\"0\" allow=\"accelerometer; autoplay; clipboard-write; encrypted-media; gyroscope; picture-in-picture; web-share\" allowfullscreen title=\"Manchester City vs Paris Saint-Germain (4-1agg) Semi Final 1,2Leg\"></iframe>",
    "title": "Manchester City vs Paris Saint-Germain (4-1agg) Semi Final 1,2Leg",
    "author_name": "TV AHD",
    "provider_name": "YouTube",
    "thumbnail_url": "https://i.ytimg.com/vi/zH8tpZTW9_4/hqdefault.jpg",
    "width": 200,
    "height": 113,
    "last_updated": "2023-04-17T08:37:06.420Z",
    "cache_until": null
  }
},
{
  "model": "wagtailsearch.sqliteftsindexentry",
  "pk": 1,
  "fields": {
    "autocomplete": "Mi CMS",
    "title": "Mi CMS",
    "body": ""
  }
},
{
  "model": "wagtailsearch.sqliteftsindexentry",
  "pk": 2,
  "fields": {
    "autocomplete": "Estadio El Monumental River Plate Monumental",
    "title": "Estadio El Monumental",
    "body": "River Plate Monumental"
  }
},
{
  "model": "wagtailsearch.indexentry",
  "pk": 1,
  "fields": {
    "content_type": [
      "home",
      "homepage"
    ],
    "object_id": "3",
    "title_norm": 2.25,
    "autocomplete": "Mi CMS",
    "title": "Mi CMS",
    "body": ""
  }
},
{
  "model": "wagtailsearch.indexentry",
  "pk": 2,
  "fields": {
    "content_type": [
      "wagtailimages",
      "image"
    ],
    "object_id": "1",
    "title_norm": 0.6428571428571429,
    "autocomplete": "Estadio El Monumental River Plate Monumental",
    "title": "Estadio El Monumental",
    "body": "River Plate Monumental"
  }
},
{
  "model": "wagtailcore.locale",
  "pk": 1,
  "fields": {
    "language_code": "en"
  }
},
{
  "model": "wagtailcore.site",
  "pk": 2,
  "fields": {
    "hostname": "localhost",
    "port": 80,
    "site_name": "",
    "root_page": 3,
    "is_default_site": true
  }
},
{
  "model": "wagtailcore.collection",
  "pk": 1,
  "fields": {
    "path": "0001",
    "depth": 1,
    "numchild": 0,
    "name": "Root"
  }
},
{
  "model": "wagtailcore.referenceindex",
  "pk": 1,
  "fields": {
    "content_type": [
      "wagtailcore",
      "pagesubscription"
    ],
    "base_content_type": [
      "wagtailcore",
      "pagesubscription"
    ],
    "object_id": "1",
    "to_content_type": [
      "auth",
      "user"
    ],
    "to_object_id": "1",
    "model_path": "user",
    "content_path": "user",
    "content_path_hash": "b9395e53-5243-59fd-88fa-de4156683cf8"
  }
},
{
  "model": "wagtailcore.referenceindex",
  "pk": 2,
  "fields": {
    "content_type": [
      "wagtailcore",
      "pagesubscription"
    ],
    "base_content_type": [
      "wagtailcore",
      "pagesubscription"
    ],
    "object_id": "1",
    "to_content_type": [
      "wagtailcore",
      "page"
    ],
    "to_object_id": "3",
    "model_path": "page",
    "content_path": "page",
    "content_path_hash": "7b295380-95fa-5117-92c0-23c46a06e9b7"
  }
},
{
  "model": "wagtailcore.referenceindex",
  "pk": 3,
  "fields": {
    "content_type": [
      "wagtailimages",
      "image"
    ],
    "base_content_type": [
      "wagtailimages",
      "image"
    ],
    "object_id": "1",
    "to_content_type": [
      "wagtailcore",
      "collection"
    ],
    "to_object_id": "1",
    "model_path": "collection",
    "content_path": "collection",
    "content_path_hash": "b40b1263-e929-57f2-a7f8-9dbce56b887b"
  }
},
{
  "model": "wagtailcore.workflowpage",
  "pk": 1,
  "fields": {
    "workflow": 1
  }
},
{
  "model": "wagtailcore.workflowtask",
  "pk": 1,
  "fields": {
    "sort_order": 0,
    "workflow": 1,
    "task": 1
  }
},
{
  "model": "wagtailcore.task",
  "pk": 1,
  "fields": {
    "name": "Moderators approval",
    "content_type": [
      "wagtailcore",
      "groupapprovaltask"
    ],
    "active": true
  }
},
{
  "model": "wagtailcore.workflow",
  "pk": 1,
  "fields": {
    "name": "Moderators approval",
    "active": true
  }
},
{
  "model": "taggit.tag",
  "pk": 1,
  "fields": {
    "name": "River Plate",
    "slug": "river-plate"
  }
},
{
  "model": "taggit.tag",
  "pk": 2,
  "fields": {
    "name": "Monumental",
    "slug": "monumental"
  }
},
{
  "model": "taggit.taggeditem",
  "pk": 1,
  "fields": {
    "tag": 1,
    "content_type": [
      "wagtailimages",
      "image"
    ],
    "object_id": 1
  }
},
{
  "model": "taggit.taggeditem",
  "pk": 2,
  "fields": {
    "tag": 2,
    "content_type": [
      "wagtailimages",
      "image"
    ],
    "object_id": 1
  }
},
{
  "model": "auth.group",
  "pk": 1,
  "fields": {
    "name": "Moderators",
    "permissions": [
      [
        "access_admin",
        "wagtailadmin",
        "admin"
      ],
      [
        "add_document",
        "wagtaildocs",
        "document"
      ],
      [
        "change_document",
        "wagtaildocs",
        "document"
      ],
      [
        "choose_document",
        "wagtaildocs",
        "document"
      ],
      [
        "delete_document",
        "wagtaildocs",
        "document"
      ],
      [
        "add_image",
        "wagtailimages",
        "image"
      ],
      [
        "change_image",
        "wagtailimages",
        "image"
      ],
      [
        "choose_image",
        "wagtailimages",
        "image"
      ],
      [
        "delete_image",
        "wagtailimages",
        "image"
      ]
    ]
  }
},
{
  "model": "auth.group",
  "pk": 2,
  "fields": {
    "name": "Editors",
    "permissions": [
      [
        "access_admin",
        "wagtailadmin",
        "admin"
      ],
      [
        "add_document",
        "wagtaildocs",
        "document"
      ],
      [
        "change_document",
        "wagtaildocs",
        "document"
      ],
      [
        "choose_document",
        "wagtaildocs",
        "document"
      ],
      [
        "delete_document",
        "wagtaildocs",
        "document"
      ],
      [
        "add_image",
        "wagtailimages",
        "image"
      ],
      [
        "change_image",
        "wagtailimages",
        "image"
      ],
      [
        "choose_image",
        "wagtailimages",
        "image"
      ],
      [
        "delete_image",
        "wagtailimages",
        "image"
      ]
    ]
  }
},
{
  "model": "auth.user",
  "pk": 1,
  "fields": {
    "password": "pbkdf2_sha256$390000$zKBvi2ZQfeUbf9F04eBx2d$L9wQUutvXW3XTVMfdowXfEITCDKS6ZpTE9FcqvbEVnU=",
    "last_login": "2023-05-08T07:33:10.873Z",
    "is_superuser": true,
    "username": "admin",
    "first_name": "",
    "last_name": "",
    "email": "admin@admin.com",
    "is_staff": true,
    "is_active": true,
    "date_joined": "2023-04-17T07:02:11.392Z",
    "groups": [],
    "user_permissions": []
  }
},
{
  "model": "wagtailcore.pagesubscription",
  "pk": 1,
  "fields": {
    "user": [
      "admin"
    ],
    "page": 3,
    "comment_notifications": false
  }
},
{
  "model": "wagtailcore.pagelogentry",
  "pk": 1,
  "fields": {
    "content_type": [
      "home",
      "homepage"
    ],
    "label": "Home",
    "action": "wagtail.edit",
    "data": {},
    "timestamp": "2023-04-17T07:53:03.354Z",
    "uuid": "0079d9c2-2741-4b81-833c-a1e8ffed7f03",
    "user": [
      "admin"
    ],
    "revision": 1,
    "content_changed": true,
    "deleted": false,
    "page": 3
  }
},
{
  "model": "wagtailcore.pagelogentry",
  "pk": 2,
  "fields": {
    "content_type": [
      "home",
      "homepage"
    ],
    "label": "Mi CMS",
    "action": "wagtail.publish",
    "data": {},
    "timestamp": "2023-04-17T07:53:03.393Z",
    "uuid": "0079d9c2-2741-4b81-833c-a1e8ffed7f03",
    "user": [
      "admin"
    ],
    "revision": 1,
    "content_changed": true,
    "deleted": false,
    "page": 3
  }
},
{
  "model": "wagtailcore.pagelogentry",
  "pk": 3,
  "fields": {
    "content_type": [
      "home",
      "homepage"
    ],
    "label": "Mi CMS",
    "action": "wagtail.edit",
    "data": {},
    "timestamp": "2023-04-17T08:08:01.399Z",
    "uuid": "2fececbe-7c4b-4158-9c26-34fa079a44ae",
    "user": [
      "admin"
    ],
    "revision": 2,
    "content_changed": true,
    "deleted": false,
    "page": 3
  }
},
{
  "model": "wagtailcore.pagelogentry",
  "pk": 4,
  "fields": {
    "content_type": [
      "home",
      "homepage"
    ],
    "label": "Mi CMS",
    "action": "wagtail.publish",
    "data": {},
    "timestamp": "2023-04-17T08:08:01.438Z",
    "uuid": "2fececbe-7c4b-4158-9c26-34fa079a44ae",
    "user": [
      "admin"
    ],
    "revision": 2,
    "content_changed": true,
    "deleted": false,
    "page": 3
  }
},
{
  "model": "wagtailcore.pagelogentry",
  "pk": 5,
  "fields": {
    "content_type": [
      "home",
      "homepage"
    ],
    "label": "Mi CMS",
    "action": "wagtail.edit",
    "data": {},
    "timestamp": "2023-04-17T08:09:45.662Z",
    "uuid": "aa3380af-cad5-48f5-8574-f69be9877618",
    "user": [
      "admin"
    ],
    "revision": 3,
    "content_changed": true,
    "deleted": false,
    "page": 3
  }
},
{
  "model": "wagtailcore.pagelogentry",
  "pk": 6,
  "fields": {
    "content_type": [
      "home",
      "homepage"
    ],
    "label": "Mi CMS",
    "action": "wagtail.publish",
    "data": {},
    "timestamp": "2023-04-17T08:09:45.702Z",
    "uuid": "aa3380af-cad5-48f5-8574-f69be9877618",
    "user": [
      "admin"
    ],
    "revision": 3,
    "content_changed": true,
    "deleted": false,
    "page": 3
  }
},
{
  "model": "wagtailcore.pagelogentry",
  "pk": 7,
  "fields": {
    "content_type": [
      "home",
      "homepage"
    ],
    "label": "Mi CMS",
    "action": "wagtail.edit",
    "data": {},
    "timestamp": "2023-04-17T08:34:13.641Z",
    "uuid": "f9722d82-1843-4963-814f-6128095858ab",
    "user": [
      "admin"
    ],
    "revision": 4,
    "content_changed": true,
    "deleted": false,
    "page": 3
  }
},
{
  "model": "wagtailcore.pagelogentry",
  "pk": 8,
  "fields": {
    "content_type": [
      "home",
      "homepage"
    ],
    "label": "Mi CMS",
    "action": "wagtail.publish",
    "data": {},
    "timestamp": "2023-04-17T08:34:13.680Z",
    "uuid": "f9722d82-1843-4963-814f-6128095858ab",
    "user": [
      "admin"
    ],
    "revision": 4,
    "content_changed": true,
    "deleted": false,
    "page": 3
  }
},
{
  "model": "wagtailcore.pagelogentry",
  "pk": 9,
  "fields": {
    "content_type": [
      "home",
      "homepage"
    ],
    "label": "Mi CMS",
    "action": "wagtail.edit",
    "data": {},
    "timestamp": "2023-04-17T08:37:37.428Z",
    "uuid": "fd4133f7-56d7-4c3d-af87-43664d94ff43",
    "user": [
      "admin"
    ],
    "revision": 5,
    "content_changed": true,
    "deleted": false,
    "page": 3
  }
},
{
  "model": "wagtailcore.pagelogentry",
  "pk": 10,
  "fields": {
    "content_type": [
      "home",
      "homepage"
    ],
    "label": "Mi CMS",
    "action": "wagtail.publish",
    "data": {},
    "timestamp": "2023-04-17T08:37:37.469Z",
    "uuid": "fd4133f7-56d7-4c3d-af87-43664d94ff43",
    "user": [
      "admin"
    ],
    "revision": 5,
    "content_changed": true,
    "deleted": false,
    "page": 3
  }
},
{
  "model": "wagtailcore.pagelogentry",
  "pk": 11,
  "fields": {
    "content_type": [
      "home",
      "homepage"
    ],
    "label": "Mi CMS",
    "action": "wagtail.edit",
    "data": {},
    "timestamp": "2023-04-17T08:48:06.321Z",
    "uuid": "1293993e-b4a6-41a9-84c7-64748bd59622",
    "user": [
      "admin"
    ],
    "revision": 6,
    "content_changed": true,
    "deleted": false,
    "page": 3
  }
},
{
  "model": "wagtailcore.pagelogentry",
  "pk": 12,
  "fields": {
    "content_type": [
      "home",
      "homepage"
    ],
    "label": "Mi CMS",
    "action": "wagtail.publish",
    "data": {},
    "timestamp": "2023-04-17T08:48:06.359Z",
    "uuid": "1293993e-b4a6-41a9-84c7-64748bd59622",
    "user": [
      "admin"
    ],
    "revision": 6,
    "content_changed": true,
    "deleted": false,
    "page": 3
  }
},
{
  "model": "wagtailcore.pagelogentry",
  "pk": 13,
  "fields": {
    "content_type": [
      "home",
      "homepage"
    ],
    "label": "Mi CMS",
    "action": "wagtail.edit",
    "data": {},
    "timestamp": "2023-04-17T08:56:24.725Z",
    "uuid": "d6f1d667-1143-4404-ad4a-c385407b681b",
    "user": [
      "admin"
    ],
    "revision": 7,
    "content_changed": true,
    "deleted": false,
    "page": 3
  }
},
{
  "model": "wagtailcore.pagelogentry",
  "pk": 14,
  "fields": {
    "content_type": [
      "home",
      "homepage"
    ],
    "label": "Mi CMS",
    "action": "wagtail.publish",
    "data": {},
    "timestamp": "2023-04-17T08:56:24.766Z",
    "uuid": "d6f1d667-1143-4404-ad4a-c385407b681b",
    "user": [
      "admin"
    ],
    "revision": 7,
    "content_changed": true,
    "deleted": false,
    "page": 3
  }
},
{
  "model": "wagtailcore.pagelogentry",
  "pk": 15,
  "fields": {
    "content_type": [
      "home",
      "homepage"
    ],
    "label": "Mi CMS",
    "action": "wagtail.edit",
    "data": {},
    "timestamp": "2023-04-17T09:05:14.848Z",
    "uuid": "f082fe7b-558f-4c1b-a051-f89e8cbc60db",
    "user": [
      "admin"
    ],
    "revision": 8,
    "content_changed": true,
    "deleted": false,
    "page": 3
  }
},
{
  "model": "wagtailcore.pagelogentry",
  "pk": 16,
  "fields": {
    "content_type": [
      "home",
      "homepage"
    ],
    "label": "Mi CMS",
    "action": "wagtail.publish",
    "data": {},
    "timestamp": "2023-04-17T09:05:14.887Z",
    "uuid": "f082fe7b-558f-4c1b-a051-f89e8cbc60db",
    "user": [
      "admin"
    ],
    "revision": 8,
    "content_changed": true,
    "deleted": false,
    "page": 3
  }
},
{
  "model": "wagtailcore.groupapprovaltask",
  "pk": 1,
  "fields": {
    "groups": [
      [
        "Moderators"
      ]
    ]
  }
},
{
  "model": "wagtailcore.revision",
  "pk": 1,
  "fields": {
    "content_type": [
      "home",
      "homepage"
    ],
    "base_content_type": [
      "wagtailcore",
      "page"
    ],
    "object_id": "3",
    "submitted_for_moderation": false,
    "created_at": "2023-04-17T07:53:03.323Z",
    "user": [
      "admin"
    ],
    "object_str": "Mi CMS",
    "content": {
      "pk": 3,
      "path": "00010001",
      "depth": 2,
      "numchild": 0,
      "translation_key": "3cad7ba1-fd56-439e-96a4-6aae3497edef",
      "locale": 1,
      "latest_revision": null,
      "live": true,
      "has_unpublished_changes": false,
      "first_published_at": null,
      "last_published_at": null,
      "live_revision": null,
      "go_live_at": null,
      "expire_at": null,
      "expired": false,
      "locked": false,
      "locked_at": null,
      "locked_by": null,
      "title": "Mi CMS",
      "draft_title": "Home",
      "slug": "home",
      "content_type": 2,
      "url_path": "/home/",
      "owner": null,
      "seo_title": "",
      "show_in_menus": false,
      "search_description": "",
      "latest_revision_created_at": null,
      "alias_of": null,
      "wagtail_admin_comments": []
    },
    "approved_go_live_at": null
  }
},
{
  "model": "wagtailcore.revision",
  "pk": 2,
  "fields": {
    "content_type": [
      "home",
      "homepage"
    ],
    "base_content_type": [
      "wagtailcore",
      "page"
    ],
    "object_id": "3",
    "submitted_for_moderation": false,
    "created_at": "2023-04-17T08:08:01.380Z",
    "user": [
      "admin"
    ],
    "object_str": "Mi CMS",
    "content": {
      "pk": 3,
      "path": "00010001",
      "depth": 2,
      "numchild": 0,
      "translation_key": "3cad7ba1-fd56-439e-96a4-6aae3497edef",
      "locale": 1,
      "latest_revision": 1,
      "live": true,
      "has_unpublished_changes": false,
      "first_published_at": "2023-04-17T07:53:03.371Z",
      "last_published_at": "2023-04-17T07:53:03.371Z",
      "live_revision": 1,
      "go_live_at": null,
      "expire_at": null,
      "expired": false,
      "locked": false,
      "locked_at": null,
      "locked_by": null,
      "title": "Mi CMS",
      "draft_title": "Mi CMS",
      "slug": "home",
      "content_type": 2,
      "url_path": "/home/",
      "owner": null,
      "seo_title": "",
      "show_in_menus": false,
      "search_description": "",
      "latest_revision_created_at": "2023-04-17T07:53:03.323Z",
      "alias_of": null,
      "body": "<h2 data-block-key=\"oo7pg\">Presentación de mi página</h2><p data-block-key=\"8vi35\">Texto normal para poner un párrafo</p><embed embedtype=\"media\" url=\"https://www.youtube.com/watch?v=kYQV5xkZeEQ\"/><p data-block-key=\"61abo\"></p><hr/><p data-block-key=\"5ifpi\"></p><embed alt=\"Estadio El Monumental\" embedtype=\"image\" format=\"fullwidth\" id=\"1\"/><p data-block-key=\"3vjpv\"></p>",
      "wagtail_admin_comments": []
    },
    "approved_go_live_at": null
  }
},
{
  "model": "wagtailcore.revision",
  "pk": 3,
  "fields": {
    "content_type": [
      "home",
      "homepage"
    ],
    "base_content_type": [
      "wagtailcore",
      "page"
    ],
    "object_id": "3",
    "submitted_for_moderation": false,
    "created_at": "2023-04-17T08:09:45.645Z",
    "user": [
      "admin"
    ],
    "object_str": "Mi CMS",
    "content": {
      "pk": 3,
      "path": "00010001",
      "depth": 2,
      "numchild": 0,
      "translation_key": "3cad7ba1-fd56-439e-96a4-6aae3497edef",
      "locale": 1,
      "latest_revision": 2,
      "live": true,
      "has_unpublished_changes": false,
      "first_published_at": "2023-04-17T07:53:03.371Z",
      "last_published_at": "2023-04-17T08:08:01.417Z",
      "live_revision": 2,
      "go_live_at": null,
      "expire_at": null,
      "expired": false,
      "locked": false,
      "locked_at": null,
      "locked_by": null,
      "title": "Mi CMS",
      "draft_title": "Mi CMS",
      "slug": "home",
      "content_type": 2,
      "url_path": "/home/",
      "owner": null,
      "seo_title": "",
      "show_in_menus": false,
      "search_description": "",
      "latest_revision_created_at": "2023-04-17T08:08:01.380Z",
      "alias_of": null,
      "body": "<h2 data-block-key=\"oo7pg\">Presentación de mi página</h2><p data-block-key=\"8vi35\">Texto normal para poner un párrafo</p><embed embedtype=\"media\" url=\"https://www.youtube.com/watch?v=NzU5OxT_1n0\"/><p data-block-key=\"61abo\"></p><hr/><p data-block-key=\"5ifpi\"></p><embed alt=\"Estadio El Monumental\" embedtype=\"image\" format=\"fullwidth\" id=\"1\"/><p data-block-key=\"3vjpv\"></p>",
      "wagtail_admin_comments": []
    },
    "approved_go_live_at": null
  }
},
{
  "model": "wagtailcore.revision",
  "pk": 4,
  "fields": {
    "content_type": [
      "home",
      "homepage"
    ],
    "base_content_type": [
      "wagtailcore",
      "page"
    ],
    "object_id": "3",
    "submitted_for_moderation": false,
    "created_at": "2023-04-17T08:34:13.623Z",
    "user": [
      "admin"
    ],
    "object_str": "Mi CMS",
    "content": {
      "pk": 3,
      "path": "00010001",
      "depth": 2,
      "numchild": 0,
      "translation_key": "3cad7ba1-fd56-439e-96a4-6aae3497edef",
      "locale": 1,
      "latest_revision": 3,
      "live": true,
      "has_unpublished_changes": false,
      "first_published_at": "2023-04-17T07:53:03.371Z",
      "last_published_at": "2023-04-17T08:09:45.679Z",
      "live_revision": 3,
      "go_live_at": null,
      "expire_at": null,
      "expired": false,
      "locked": false,
      "locked_at": null,
      "locked_by": null,
      "title": "Mi CMS",
      "draft_title": "Mi CMS",
      "slug": "home",
      "content_type": 2,
      "url_path": "/home/",
      "owner": null,
      "seo_title": "",
      "show_in_menus": false,
      "search_description": "",
      "latest_revision_created_at": "2023-04-17T08:09:45.645Z",
      "alias_of": null,
      "body": "<h2 data-block-key=\"oo7pg\">Presentación de mi página</h2><p data-block-key=\"8vi35\">Texto normal para poner un párrafo</p><embed embedtype=\"media\" url=\"https://www.youtube.com/watch?v=6i1Sz7gnEVk\"/><p data-block-key=\"61abo\"></p><hr/><p data-block-key=\"5ifpi\"></p><embed alt=\"Estadio El Monumental\" embedtype=\"image\" format=\"fullwidth\" id=\"1\"/><p data-block-key=\"3vjpv\"></p>",
      "wagtail_admin_comments": []
    },
    "approved_go_live_at": null
  }
},
{
  "model": "wagtailcore.revision",
  "pk": 5,
  "fields": {
    "content_type": [
      "home",
      "homepage"
    ],
    "base_content_type": [
      "wagtailcore",
      "page"
    ],
    "object_id": "3",
    "submitted_for_moderation": false,
    "created_at": "2023-04-17T08:37:37.409Z",
    "user": [
      "admin"
    ],
    "object_str": "Mi CMS",
    "content": {
      "pk": 3,
      "path": "00010001",
      "depth": 2,
      "numchild": 0,
      "translation_key": "3cad7ba1-fd56-439e-96a4-6aae3497edef",
      "locale": 1,
      "latest_revision": 4,
      "live": true,
      "has_unpublished_changes": false,
      "first_published_at": "2023-04-17T07:53:03.371Z",
      "last_published_at": "2023-04-17T08:34:13.657Z",
      "live_revision": 4,
      "go_live_at": null,
      "expire_at": null,
      "expired": false,
      "locked": false,
      "locked_at": null,
      "locked_by": null,
      "title": "Mi CMS",
      "draft_title": "Mi CMS",
      "slug": "home",
      "content_type": 2,
      "url_path": "/home/",
      "owner": null,
      "seo_title": "",
      "show_in_menus": false,
      "search_description": "",
      "latest_revision_created_at": "2023-04-17T08:34:13.623Z",
      "alias_of": null,
      "body": "<h2 data-block-key=\"oo7pg\">Presentación de mi página</h2><p data-block-key=\"8vi35\">Texto normal para poner un párrafo</p><p data-block-key=\"9b9v1\"></p><p data-block-key=\"61abo\"></p><hr/><p data-block-key=\"5ifpi\"></p><embed alt=\"Estadio El Monumental\" embedtype=\"image\" format=\"fullwidth\" id=\"1\"/><p data-block-key=\"3vjpv\"></p>",
      "video": "https://www.youtube.com/watch?v=zH8tpZTW9_4",
      "wagtail_admin_comments": []
    },
    "approved_go_live_at": null
  }
},
{
  "model": "wagtailcore.revision",
  "pk": 6,
  "fields": {
    "content_type": [
      "home",
      "homepage"
    ],
    "base_content_type": [
      "wagtailcore",
      "page"
    ],
    "object_id": "3",
    "submitted_for_moderation": false,
    "created_at": "2023-04-17T08:48:06.303Z",
    "user": [
      "admin"
    ],
    "object_str": "Mi CMS",
    "content": {
      "pk": 3,
      "path": "00010001",
      "depth": 2,
      "numchild": 0,
      "translation_key": "3cad7ba1-fd56-439e-96a4-6aae3497edef",
      "locale": 1,
      "latest_revision": 5,
      "live": true,
      "has_unpublished_changes": false,
      "first_published_at": "2023-04-17T07:53:03.371Z",
      "last_published_at": "2023-04-17T08:37:37.445Z",
      "live_revision": 5,
      "go_live_at": null,
      "expire_at": null,
      "expired": false,
      "locked": false,
      "locked_at": null,
      "locked_by": null,
      "title": "Mi CMS",
      "draft_title": "Mi CMS",
      "slug": "home",
      "content_type": 2,
      "url_path": "/home/",
      "owner": null,
      "seo_title": "",
      "show_in_menus": false,
      "search_description": "",
      "latest_revision_created_at": "2023-04-17T08:37:37.409Z",
      "alias_of": null,
      "body": "<h2 data-block-key=\"oo7pg\">Presentación de mi página</h2><p data-block-key=\"8vi35\">Texto normal para poner un párrafo</p><p data-block-key=\"9b9v1\"></p><p data-block-key=\"61abo\"></p><hr/><p data-block-key=\"5ifpi\"></p><embed alt=\"Estadio El Monumental\" embedtype=\"image\" format=\"fullwidth\" id=\"1\"/><p data-block-key=\"3vjpv\"></p>",
      "video": "https://www.youtube.com/embed/zH8tpZTW9_4",
      "wagtail_admin_comments": []
    },
    "approved_go_live_at": null
  }
},
{
  "model": "wagtailcore.revision",
  "pk": 7,
  "fields": {
    "content_type": [
      "home",
      "homepage"
    ],
    "base_content_type": [
      "wagtailcore",
      "page"
    ],
    "object_id": "3",
    "submitted_for_moderation": false,
    "created_at": "2023-04-17T08:56:24.705Z",
    "user": [
      "admin"
    ],
    "object_str": "Mi CMS",
    "content": {
      "pk": 3,
      "path": "00010001",
      "depth": 2,
      "numchild": 0,
      "translation_key": "3cad7ba1-fd56-439e-96a4-6aae3497edef",
      "locale": 1,
      "latest_revision": 6,
      "live": true,
      "has_unpublished_changes": false,
      "first_published_at": "2023-04-17T07:53:03.371Z",
      "last_published_at": "2023-04-17T08:48:06.337Z",
      "live_revision": 6,
      "go_live_at": null,
      "expire_at": null,
      "expired": false,
      "locked": false,
      "locked_at": null,
      "locked_by": null,
      "title": "Mi CMS",
      "draft_title": "Mi CMS",
      "slug": "home",
      "content_type": 2,
      "url_path": "/home/",
      "owner": null,
      "seo_title": "",
      "show_in_menus": false,
      "search_description": "",
      "latest_revision_created_at": "2023-04-17T08:48:06.303Z",
      "alias_of": null,
      "body": "<h2 data-block-key=\"oo7pg\">Presentación de mi página</h2><p data-block-key=\"8vi35\">Texto normal para poner un párrafo</p><p data-block-key=\"9b9v1\"></p><p data-block-key=\"61abo\"></p><hr/><p data-block-key=\"5ifpi\"></p><p data-block-key=\"f4i8i\"></p><p data-block-key=\"3vjpv\"></p>",
      "video": "https://www.youtube.com/embed/zH8tpZTW9_4",
      "imagen": "El_monumental.jpg",
      "wagtail_admin_comments": []
    },
    "approved_go_live_at": null
  }
},
{
  "model": "wagtailcore.revision",
  "pk": 8,
  "fields": {
    "content_type": [
      "home",
      "homepage"
    ],
    "base_content_type": [
      "wagtailcore",
      "page"
    ],
    "object_id": "3",
    "submitted_for_moderation": false,
    "created_at": "2023-04-17T09:05:14.831Z",
    "user": [
      "admin"
    ],
    "object_str": "Mi CMS",
    "content": {
      "pk": 3,
      "path": "00010001",
      "depth": 2,
      "numchild": 0,
      "translation_key": "3cad7ba1-fd56-439e-96a4-6aae3497edef",
      "locale": 1,
      "latest_revision": 7,
      "live": true,
      "has_unpublished_changes": false,
      "first_published_at": "2023-04-17T07:53:03.371Z",
      "last_published_at": "2023-04-17T08:56:24.743Z",
      "live_revision": 7,
      "go_live_at": null,
      "expire_at": null,
      "expired": false,
      "locked": false,
      "locked_at": null,
      "locked_by": null,
      "title": "Mi CMS",
      "draft_title": "Mi CMS",
      "slug": "home",
      "content_type": 2,
      "url_path": "/home/",
      "owner": null,
      "seo_title": "",
      "show_in_menus": false,
      "search_description": "",
      "latest_revision_created_at": "2023-04-17T08:56:24.705Z",
      "alias_of": null,
      "body": "<h2 data-block-key=\"oo7pg\">Presentación de mi página</h2><p data-block-key=\"8vi35\">Texto normal para poner un párrafo</p><p data-block-key=\"9b9v1\"></p><p data-block-key=\"61abo\"></p><hr/><p data-block-key=\"5ifpi\"></p><p data-block-key=\"f4i8i\"></p><p data-block-key=\"3vjpv\"></p>",
      "video": "https://www.youtube.com/embed/zH8tpZTW9_4",
      "imagen": "escudos-clubes-liga-profesional_1440x810_wmk.jpg",
      "wagtail_admin_comments": []
    },
    "approved_go_live_at": null
  }
},
{
  "model": "wagtailcore.page",
  "pk": 1,
  "fields": {
    "path": "0001",
    "depth": 1,
    "numchild": 1,
    "translation_key": "21966d25-ccce-4196-8517-c221d5d46a7b",
    "locale": 1,
    "latest_revision": null,
    "live": true,
    "has_unpublished_changes": false,
    "first_published_at": null,
    "last_published_at": null,
    "live_revision": null,
    "go_live_at": null,
    "expire_at": null,
    "expired": false,
    "locked": false,
    "locked_at": null,
    "locked_by": null,
    "title": "Root",
    "draft_title": "Root",
    "slug": "root",
    "content_type": [
      "wagtailcore",
      "page"
    ],
    "url_path": "/",
    "owner": null,
    "seo_title": "",
    "show_in_menus": false,
    "search_description": "",
    "latest_revision_created_at": null,
    "alias_of": null
  }
},
{
  "model": "wagtailcore.page",
  "pk": 3,
  "fields": {
    "path": "00010001",
    "depth": 2,
    "numchild": 0,
    "translation_key": "3cad7ba1-fd56-439e-96a4-6aae3497edef",
    "locale": 1,
    "latest_revision": 8,
    "live": true,
    "has_unpublished_changes": false,
    "first_published_at": "2023-04-17T07:53:03.371Z",
    "last_published_at": "2023-04-17T09:05:14.865Z",
    "live_revision": 8,
    "go_live_at": null,
    "expire_at": null,
    "expired": false,
    "locked": false,
    "locked_at": null,
    "locked_by": null,
    "title": "Mi CMS",
    "draft_title": "Mi CMS",
    "slug": "home",
    "content_type": [
      "home",
      "homepage"
    ],
    "url_path": "/home/",
    "owner": null,
    "seo_title": "",
    "show_in_menus": false,
    "search_description": "",
    "latest_revision_created_at": "2023-04-17T09:05:14.831Z",
    "alias_of": null
  }
},
{
  "model": "wagtailimages.image",
  "pk": 1,
  "fields": {
    "collection": 1,
    "title": "Estadio El Monumental",
    "file": "original_images/El_monumental.jpg",
    "width": 2048,
    "height": 1536,
    "created_at": "2023-04-17T08:07:23.881Z",
    "uploaded_by_user": [
      "admin"
    ],
    "focal_point_x": null,
    "focal_point_y": null,
    "focal_point_width": null,
    "focal_point_height": null,
    "file_size": 418513,
    "file_hash": "6348e11e9cf4c44d445482d813d6b3b0b59a716f"
  }
},
{
  "model": "wagtailusers.userprofile",
  "pk": 1,
  "fields": {
    "user": [
      "admin"
    ],
    "submitted_notifications": true,
    "approved_notifications": true,
    "rejected_notifications": true,
    "updated_comments_notifications": true,
    "preferred_language": "",
    "current_time_zone": "",
    "avatar": "",
    "dismissibles": {}
  }
},
{
  "model": "home.homepage",
  "pk": 3,
  "fields": {
    "body": "<h2 data-block-key=\"oo7pg\">Presentación de mi página</h2><p data-block-key=\"8vi35\">Texto normal para poner un párrafo</p><p data-block-key=\"9b9v1\"></p><p data-block-key=\"61abo\"></p><hr/><p data-block-key=\"5ifpi\"></p><p data-block-key=\"f4i8i\"></p><p data-block-key=\"3vjpv\"></p>",
    "video": "https://www.youtube.com/embed/zH8tpZTW9_4",
    "imagen": "escudos-clubes-liga-profesional_1440x810_wmk.jpg"
  }
}
]
